{
    "_comment": "a quadratic map",

    "fun": [
        "x[1] + p[0] * x[0]",
        "x[0]**2 +  p[1]"
    ],

    "x0": [ 0.22556385718497723, -1.0541829003470142 ],
    "params": [ 0.4, -1.24 ],
    "dparams": [ 0.01, 0.01 ],

    "xrange": [ -2.0, 2.0 ], "yrange": [ -2.0, 2.0 ],
    "alpha": 0.1,
    "break": 1000
}
